{"cameraMode":{"drawMode":0,"name":"Shaded","section":"Shading Mode"},"sceneLighting":true,"audioPlay":false,"sceneViewState":{"showFog":false,"showMaterialUpdate":true,"showSkybox":true,"showFlares":false,"showImageEffects":true,"showParticleSystems":true},"in2DMode":false,"pivot":{"x":66.12796020507813,"y":-1.262895941734314,"z":-13.15201473236084},"rotation":{"x":0.07489217072725296,"y":0.46495571732521059,"z":-0.03471621498465538,"w":0.8819937109947205},"size":22.0,"orthographic":false}